title,author
1 프롤로그,정우식
100층 탈출,Dreamer 李
1422만 포인트로 환생하기,호드
16장 미르 사라지다4,임영태
1980 독식하는 재벌,
1980 독식하는 재벌,독성
1위 할건데 불만이세요,중용도
27장 절대무존3,사마달
32 마도 최후의 날2,서효원
32 중원의 혼2,서효원
33 깨어진 와우석2,"서효원, 이광주"
33 무너진 군림천하탑,서효원
34 대지의 일 인,서효원
34 마성의 최후3,서효원
34 이제 장막은 없다2,서효원
34 제국의 아침5,비류수
36 이제 한은 없다2,서효원
36 혜성은 돌아오지 않는가4,서효원
37 검중제일검3,서효원
38장 천년제일검,서효원
52 최후의 결전2,동윤
63 야망의 종말2,와룡강
9이닝 야구의 찬가,김군0619
Ability Hunter,다미로
Baseball Country,김군0619
Baseball Country,사용금지
Baseball Country 완,김군0619
Down he Universe,하야노늘
EPL 프리미어 리그,말리브 해적
EPL 프리미어 리그,말리브해적
EPL 프리미어 리그 완,말리브 해적
EX급 만능사제가 되었다,김현준
EX급 전생헌터,쥬시
EX급 절대반지를 얻었다,김현준
E급 탱커의 비상,류다
E급 탱커의 비상,홀로선별
E급부터 시작하는 대마법사,연암
MG핵무기도 만들어 드림,북홀릭
MLB 메이저 리그,말리브 해적
MLB 메이저 리그,말리브의해적
MLB 메이저 리그 완,말리브 해적
M녀 조교,키제이
NR당한 암컷용사는 모자상간으로 복수한다,파랑깨굴
ONE GAME,김군0619
S2급 결혼 헌터,백견(百見)
SM클럽,붉은산푸른꽃
SM클럽,푸른산붉은꽃
SSS급 괴물사냥꾼,북홀릭
SSS급 블러드헌터,
SSS급 블러드헌터,백범
SSS급 천재,북홀릭
SSS급 핵재벌,부가티베이론
S급 작가가 되었다,워드벤처
TS 에로 게임 탈출기,외도정사
X시대의 영웅,이원호
e급부터 시작하는 대마법사,연암
가리봉 마왕족발,디케이
가면의 레온,눈매
가면의 마존,눈매
가인혈사록,사마달
가장 나쁜 놈,이원호
가장 존귀한 것,서효원
가족,이원호
가짜 던전으로 고향 살리기,진시월
각성자 위탁관리인,오시안
각인 예속의 사냥꾼,오시안
간웅,백범
간웅,백범(白凡)
간웅,백범(白帆)
간웅,조건상
강자,가람검
강호거상,서효원
강호무정,검궁인
갤럭시the Galaxy,박재학
갤럭시the Galaxy 갤럭시 제국,박재학
갤럭시the Galaxy 내전,박재학
갤럭시the Galaxy 라스트 휴먼 네르노바,박재학
갤럭시the Galaxy 레볼루션,박재학
갤럭시the Galaxy 마법사,박재학
갤럭시the Galaxy 변화의 물,박재학
갤럭시the Galaxy 별의 왕,박재학
갤럭시the Galaxy 보이지 않는 적,박재학
갤럭시the Galaxy 산업혁명,박재학
갤럭시the Galaxy 새로운 적,박재학
갤럭시the Galaxy 세계대전,박재학
갤럭시the Galaxy 시간의 지배자,박재학
갤럭시the Galaxy 신세계,박재학
갤럭시the Galaxy 신흥 재벌,박재학
갤럭시the Galaxy 영지 전쟁,박재학
갤럭시the Galaxy 은하여행,박재학
갤럭시the Galaxy 초능력자,박재학
갤럭시the Galaxy 추적,박재학
갤럭시the Galaxy 카오스,박재학
갤럭시the Galaxy 코르모토 행성의 이방인,박재학
갤럭시the Galaxy 휴먼,박재학
갤럭시the Galaxy 휴먼 탑,박재학
건곤만리,검궁인
건곤일척,검궁인
건곤쟁패,가람검
건국기,김현
걷기만 해도 조만장자,하늘곰
걸황무적,송재일
검,천중행
검공비사,김영목
검끝에 걸린 물고기,남수아
검루,사마달
검마전기 그라인더,남수아
검명도살,몽월
검무흔,천중행
검신,청산
검신재림,윤신현
검웅영제,천중행
검은 달 그림자,사이딘
검은 머리 미국 대재벌,
검은 머리 미국 대재벌,흑곰작가
검정대륙행,"사마달, 백창렬"
검중검,검궁인
검풍연가,사마달
검풍연가 화,사마달
검한몽,천중행
검향도살,청산
검호,홍파
검혼기행,촌공
검혼무,설풍
겁,강태산
게더링,박제후
게임 속 기갑함대에 들어갔다,환상개발자
게임 속 무기 소환사로 살아남기,쩡킴
게임 속 빌런의 여동생이 되었다,열살
게임 속 유닛,찬동
게임 속 정의로온 기사가 되었다,이동열
게임 속 정의로운 기사가 되었다,
게임 속레벨이 되었다,윤준모
게임 시스템으로 현실 대박,
게임 시스템으로 현실 대박,강산
경찰청 그 꼴통,
경찰청 그 꼴통,백범
경찰청 그 꼴통,백범(白帆)
계,김능하
계백,이원호
계약이 되었습니다,김영훈
고검광무,홍파
고검낙화,홍파
고검명,홍파
고검풍운,홍파
고구려 르네상스,Lucubro
고독천년,와룡강
고독천년 미,와룡강
고독천년 제58장 다시 암자에서,와룡강
고려는 천조국이 되기로 하였습니다,소라게
고인물 무림에 가다,갈드
고인물은 이계가 너무 쉽다,JHK서랍
고향으로,강태산
고혼혈루,홍파
곤륜마협,
곤륜마협,글별자리
곤륜신기,송재일
곤륜패선,윤신현
골 때리는 엄마들,미도파
골 때리는 여자 비제이들,쉐도우스
골든 카이저,진현
공갈,이원호
공감의 요리사,진시월
공공도수,청산
공상안테나 잉여음표1,초연
공작풍,사마달
광,강태산
광고수익 아 아이돌 그렇게 하는 거 아닌데,김악개
광고수익 천재 배우 이름을 얻다,킹묵
광고수익핵무기도 만들어 드림,북홀릭
광고수익회귀로 나 혼자 독식,
광란총서,"고월, 서희원"
광마,강태산
광무록,검궁인
광속의 마도사,김영목
광풍가,나한
광풍겁,검궁인
광풍무,나한
광풍서생,서효원
광풍의 전사,비류수
광혈사혼무,설풍
광화사,검궁인
괴담수집가 회장님,턱선
괴물 농사꾼,웹중
괴물투수,윤준모
구대마왕,
구대마왕,몽월
구독했더니 히트작이 쉽다,두루치기
구룡겁,천중행
구월뇌우,서효원
구인회 전편,검궁인
구인회 후편,검궁인
구자패왕,와룡강
구주강호,검궁인
구천검마왕,서효원
구천독혼마,서효원
구천마신,윤신현
구천십지제일신마,"사마달, 고월"
구천혈사,청운하
국립검은 머리 미국 대재벌,흑곰작가
국립재벌이 회귀했는데 뭔들 못하겠어,흑곰작가
국민배우 정도현,범탈
국세청 망나니,동면거북이
군,천중행
군림몽,와룡강
군마지존도,서효원
군신,강태산
군신 체이슨,김하준
군신 카라가스,봉사
군왕성,서효원
군왕성 화,서효원
권왕무적,초우
귀검행,서효원
귀축기담,외도정사
귀환,사마달
귀환 대마법사의 힐링 라이프,나노제이
귀환무관,
귀환무관,범탈
귀환병 이야기,이수영
귀환자는 왕이 되기로 했다,야우사
귀환한 절대자는 역대급 헌터,김현각
규한록,홍파
그라운드 볼러,윤준모
그랜드 크로스,나한
그랜져,홍정태
그렇군요,송재일
그림자,이원호
그림자 무사,별도
극악 연쇄간살마로 회귀했다,테서스
금수저 생활백서,
금수저 생활백서,강동호
금수저 투자백서,
금포염왕,와룡강
금황,선우궁
기개남아,강태산
기개천하,몽류몽
기검광혈무,사마달
기레기 탈출기 저널리스트,윤준모
기사들의 왕,현자림
기사학교의 검술천재,비비다
기술포인트 찍고 우주테크 탑니다,시공전사
기인천년,와룡강
기인총사,검궁인
기적의 사나이,박재학
기협만리,검궁인
김 대리는 벼락부자,글고래
김석산 파이브,지미신
깜빵에서 재벌까지,
깜빵에서 재벌까지,베이스
깡촌 마을 키워서 힐링한다,인기영
꿈꾸는 스타 메이커,뤼케시온
나 혼자 독식,백범
나 혼자 독식,조건상
나 혼자 먼치킨,절세초인
나 혼자 무한전생,절세초인
나 혼자 쿨타임 제로,소구장
나 혼자만 마인,서초
나 혼자만 먼치킨,절세초인
나 혼자만 올마스터,성덕聲德
나 혼자만 올마스터,성덕聲悳
나 홀로 고인물 플레이어,웹중
나 홀로 마법사,북홀릭
나는 작가다,만선
나는 작가다 완,만선
나는 재벌이다,박재학
나만의 마조 선생님,순애의망나니
나태한 연기 천재,빅피쉬
나한대협,와룡강
나한대협羅1,와룡강
나한대협羅2,와룡강
나한대협羅3,와룡강
나한대협羅4,와룡강
나한대협羅5,와룡강
낙방학사,형상준
난전 무림기사,이문혁
난중무사,이원호
난亂,강태산
남,"사마달, 일주향"
남자가 무슨 눈물을 쪽팔리게시리 쯔쯔쯔,송재일
남자의 길,
남자의 길,강동호
남해삼십육검,설봉
낭왕,별도
낭인신화,아도인
내 나이 90살에 회귀라니,커피와함께
내 딸은 얼굴 천재,진혁
내 딸은 천재화백,택이아빠
내 명중률,연암
내 몬스터만 스탯,쩡킴
내 몸속에 던전이 있다,웹중
내 몸은 무한재생,광어
내 몸은 무한재생,라마현
내 안에 몬스터있다,형상준
내가 매니지먼트다,윤준모
내가 법이다,전현
내가 알던 게임이 아니다,오시안
내가 키운 용사가 나한테 집착한다,그림
너무 잘 아는 게임에 소환됐다,지피노
너의 스탯이 보여,아차니
너의 스탯이 보여,월운
너의 옷이 보여,킹묵
너희가 정령을 아느냐,철백
네 멋대로 살아라,최동환
네 멋대로 살아라 판도라의 상자,최동환
네 멋대로 살아라 혼돈의 시대,최동환
네안데르탈 각성차원의 지배자,테서스
네임드,민작가
네임드 플레이어,민작가
년 후2,강태산
노가다 김씨 자동사냥으로 꿀 빱니다,쇼츠
노가다 마스터,깃털펜
노룡탄,강태산
노병은 죽지 않는다,ROHRAN
녹림투왕,초우
놀랍군요,송재일
뇌문천하,서효원
뇌전의 군주,박시원
뇌정혈雷1,강태산
뇌정혈雷2,강태산
뇌정혈雷3,강태산
뇌정혈雷4,강태산
누나를 길들이다,LOCOLOCO
눈으로 보는 광고 천재,킹묵
뉴 스타트,박재학
뉴 월드,박재학
늙은 경비에게 조교당하는 스튜어디스의 이야기,푸른산붉은꽃
능력 믿고 막 간다,반취객
능력 믿고 막 간다10,반취객
능력 믿고 막 간다11,반취객
능력 믿고 막 간다12,반취객
능력 믿고 막 간다13,반취객
능력 믿고 막 간다14,반취객
능력 믿고 막 간다15,반취객
능력 믿고 막 간다16,반취객
능력 믿고 막 간다17,반취객
능력 믿고 막 간다18,반취객
능력 믿고 막 간다19,반취객
능력 믿고 막 간다2,반취객
능력 믿고 막 간다20,반취객
능력 믿고 막 간다21,반취객
능력 믿고 막 간다22,반취객
능력 믿고 막 간다23,반취객
능력 믿고 막 간다24,반취객
능력 믿고 막 간다25,반취객
능력 믿고 막 간다26,반취객
능력 믿고 막 간다27,반취객
능력 믿고 막 간다28,반취객
능력 믿고 막 간다29,반취객
능력 믿고 막 간다3,반취객
능력 믿고 막 간다4,반취객
능력 믿고 막 간다5,반취객
능력 믿고 막 간다6,반취객
능력 믿고 막 간다7,반취객
능력 믿고 막 간다8,반취객
능력 믿고 막 간다9,반취객
다따먹점혈법,탄마
다른 세계에서 주워왔습니다,킹메이커
다시 쓰는 필모그래피,윤준모
다시 태어난 야구 천재,소구장
다프D A F,윤신현
단권 검신재림,윤신현
단권 곤륜패선,윤신현
단권 국세청 망나니,동면거북이
단권 깡촌 마을 키워서 힐링한다,인기영
단권 나 혼자 쿨타임 제로,소구장
단권 노가다 김씨 자동사냥으로 꿀 빱니다,쇼츠
단권 다시 태어난 야구 천재,소구장
단권 다프D A F,윤신현
단권 던전팜,인기영
단권 또다시 작가,윤신현
단권 레전더Legend Maker,윤신현
단권 만렙 사냥꾼 회귀하다,이형석
단권 모방에서 창조까지 하는 에이전트,킹묵
단권 무엇이든 만들어 드립니다,윤신현
단권 블레이즈Blaze,윤신현
단권 신풍기협,윤신현
단권 여섯 영혼의 노래 그리고 가수,킹묵
단권 천하무적대총관 천신우,대나무꽃
단권 태양전기,윤신현
단권 파공검,눈매
단권 환생했더니 정령군주,윤신현
단권서클 소드마스터,강철민
단권클래스 소드 마스터 검의 구도자,이형석
단장절심가,사마달
단혈겁,강태산
달마묵장,와룡강
달마삼검,황정검
달마의 노래,몽월
달은 칼끝에 지고,"검궁인, 사마달"
달은 칼끝에 지고,"검궁인,사마달"
달인,앤서
담천,송재일
담천 최종,송재일
당가의 실험체가 되었다,
당가의 실험체가 되었다,진시월
대,정우식
대가집 망나니,백범
대가집 망나니,백범(白凡)
대가집 망나니,백범(白帆)
대걸물,청산
대검몽,"사마달, 일주향"
대곤륜,서효원
대공자 가출하셨다,와이번스
대괴선,정성민
대기업 말단이 일을 잘함,동면거북이
대낭인,서효원
대도무문,"사마달, 유청림"
대륙독보,와룡강
대륙만리,검궁인
대륙오황사,"일주향, 사마달"
대륙천자,고월
대륙풍,서효원
대마불사,강태산
대마불사,와룡강
대망,
대망,강동호
대무사,철백
대물공자,워드벤처
대법왕,몽월
대부,사마달
대상객,"서효원, 이광주"
대상천하,천중행
대설,서효원
대소림사,"검궁인, 신운"
대야성,사마달
대영웅,이원호
대자객교,서효원
대자객단,서효원
대작,사마달
대재앙의 플레이어,이형석
대중원,서효원
대한국인,이원호
대한민국 절대 재벌,백범
대한민국 절대 재벌,백범(白帆)
대항해,사마달
대해무적,사마달
대협 무식칸,조광윤
대형설서린,설봉
더 게이트,백범(白帆)
더 게이트,조건상
더 메모리he Memory,가람검
더 스토리he story,가람검
더 크리처,임경배
더 티처HE EACHER,가람검
더는 가르칠 게 없대서 하산했습니다,비비다
더치프,권대현
던전 마제스티,박제후
던전에서 성자가 하는 일,CurtainCall
던전팜,인기영
데몬듀크,김하준
데일리 히어로,인기영
도,강태산
도둑 고양이,한동솔
도망가용,캔따개
도사 청수,형상준
도시의 남자,이원호
도시의 주인,말리브 해적
도시의 주인,말리브해적
도시의 주인 완,말리브 해적
도시의 지배자,박재학
도시정벌,임영태
도왕,강태산
도제 유가량,단운(丹雲)
도종,"사마달, 백창렬"
도종밀야,사마달
도지산,몽월
도천무영 불사멸혼대와 천궁,이유성
도천무영 우정은 영원히,이유성
도천무영 종횡무진,이유성
도천무영 풍운의 서막,이유성
도황,청산
독룡,냉중생
독보강호,검궁인
독식하는 재벌 3세,서오
독왕유고,설봉
독왕유고 화,설봉
독조혈인,강태산
독존패왕,강태산
독행기,홍파
독행록,검궁인
돈 주면 힐 해준다,환수림
돈만 벌고 레벨업,스펜서
돌아갈 길,사마달
돌아온 요리고 고인물,빨간코트
동백유엽검,미송검
동사군도,"검궁인, 백강"
동탄 미시녀 어플,쉐도우스
동토의 제국,이원호
두목무적,원하
둔재무적,송재일
듀얼 레전드,이형석
듀얼 세이버,이형석
드래곤 엔터테인먼트,지미신
드레곤 레어에 조난당했다,이우찬
드림 컨트롤러,최소혜
등용문,검궁인
등천불망룡,냉중생
등천비마록,"검궁인, 사마달"
등천제일룡,검궁인
또다시 작가,윤신현
똥녀 가고 여신 온다,탄마
라마대,박시원
라오스 루이시안,현자림
라이오스의 불량기사,지미신
라인 온 더 뱀파이어,편린
랑1,강태산
랑2,강태산
랑3,강태산
랜덤뽑기로 학원최강,비비다
레드 클라우드,한세
레벨 업 하는 식당,인기영
레벨원,박천웅
레벨원,하늘곰
레전더Legend Maker,윤신현
레전드,이형석
령,강태산
로그아웃이 너무 어렵다,이형석
로이,별도
롬베른의 영주,김정민
루한,사마달
리라이프 에이전트,
리라이프 에이전트,강동호
리로드,이수영
리리아,인기영
리메모리,김민우
리쎌암즈,강우진
리얼 킹 후기,가프
리와인드,초몽
리턴 레이드 헌터,인기영
리턴 에이스,
리턴 에이스,흑곰작가
리턴 오브 로드,정현우
리턴 오브 에이스,예로나
링커,킹메이커
마,강태산
마교육제,송재일
마교전왕,사마달
마권찰장,사마달
마나통이 너무 커요,찬동
마녀의 전설,백상준
마도공학자,김형석
마도군주,한승현
마라밀종,강태산
마랑,임이모
마루타의 칼,정현웅
마벌,홍파
마법 배운 재벌집 늦둥이,서오
마법 배운 재벌집 늦둥이 외,서오
마법사 소드마스터가 되다,윤준모
마법천재 마술방송,라마현
마성의 도수치료사,버푸
마수,강태산
마스터의 정체2,홍정태
마야,서효원
마야,설봉
마영,강태산
마왕겁,원하
마왕군 전입을 명 받았습니다,하늘곰
마왕으로 산다,하늘곰
마왕이 나노머신을 숨김,갈드
마왕출사,청산
마왕협녀기,한성수
마인,검궁인
마인드 뮤직,얼끼
마정지로,검궁인
마제참회기,서효원
마종천횡보,와룡강
마중제일령,서효원
마지막 손오공,조경휘
마창1,류운
마창2,류운
마창3,류운
마창4,류운
마창5,류운
마창6,류운
마풍진중원,서효원
마협,"사마달, 백창렬"
마협 소운강,이문혁
마황,"김능하, 김영"
만강홍,독고홍
만겁무황전,"검궁인, 사마달"
만렙 사냥꾼 회귀하다,이형석
만렙요원 재벌이 되다,준강
만무총록,검궁인
만수 이계 출근기,박시원
만천과해,검궁인
만천화우,검궁인
만통사인방,검궁인
말년에 이계라니,정현우
망겜의 고인물로 살아남기,휴헤
망겜의 마지막 플레이어,연암
망자 사냥꾼,지완
망한 세상에서 나 혼자 각성,민작가
망한 양식장을 물려받았다,하늘곰
매지컬 써전,강산
매지컬 써전,강산(江山)
매지컬 써전,백범
매지컬 써전,백범(白帆)
매지컬 써전,빅스마일
매화무,현규
머더엠퍼러,정우식
메탈헌터,와이번스
멸망한 세계의 생존지침서,담배태우는 고양이
멸망한 세계의 생존지침서,담배태우는고양이
멸망한 세계의 유적 사냥꾼,킹메이커
멸망한 세상에서 죽이고 뺏고 따먹는다,재활훈련중
명성명운,송재일
명품공자,청산
모르겠다 지금 이 심정을,송재일
모방에서 창조까지 하는 에이전트,킹묵
모성 애 용사,키제이
모용세가 역대급 천재의 귀환,
모용세가 역대급 천재의 귀환,독성(송재훈)
모탈 신드롬,북홀릭
목숨을 건 대국,서효원
몬스터 홀,킹메이커
몽상마법사,유림아
몽유강호,강태산
무,"일주향, 사마달"
무검무존,"서효원, 이광주"
무관의 제왕4,서효원
무극대도,사마달
무극상도,황정검
무극신갑,나한
무능 귀족 여체 하렘,외도정사
무당귀환,앤서
무당제자,형상준
무당학사전,형상준
무대포,강태산
무도,방수윤
무림 드래곤,예로나
무림군웅보,와룡강
무림귀공자,군옥당
무림기인전,서효원
무림누나 능욕게임,탄마
무림묵시록,서효원
무림미녀전기,탄마
무림백서,검궁인
무림변화,송재일
무림어사,홍파
무림영웅 때려칩니다,탄마
무림외사,서효원
무림요정,
무림일기,와룡강
무림전사,검궁인
무림천재의 무림경영,와룡강
무림천하,김형석
무맥,고월
무벌,서효원
무법자,이원호
무상혜검,서효원
무색의 검향,서효원
무신 돌아오다,윤신현
무엇이든 만들어 드립니다,윤신현
무영 이계를 훔치다,눈매
무영천,사마달
무영탑,검궁인
무원,매설헌
무인도 하렘 생활기,외도정사
무인향,강태산
무인향,"사마달, 고월"
무자천서,강태산
무적 군림보,나한
무적검,서효원
무적문주,눈매
무적신마에게 전한다,서효원
무적지존,동윤
무적천년,와룡강
무적천하,서효원
무적투왕,청산
무정마검,
무정마검,서효원
무한 빙의로 세계 최강,절세초인
무한존재,묵룡
무해검마전,서효원
무혈,홍파
무협절검,서효원
묵룡혈마,강태산
묵혈랑,강태산
물약이 자꾸 땡겨,윤준모
미끼,이원호
미라클 테이머,인기영
미생법사,엔트로
미스터 프레지던트,박천웅
미식축구가 너무 쉬움,김군0619
미제사건 전담팀,인디고
미친 재능의 막내공자님,작두콩
미후전기,사마달
밀리 국민배우 정도현,
밀리 달마묵장,
밀리 신흥재벌,박재학
밀리 역대급 포식능력자의 차,이세계사장
밀리 재벌가 장남은 가치를 본다,유재무
밀리 재벌생활기록부,
밀리 풍운기협,예로나
밀리 헌터의 신석기,
밀매업자,형상준
바늘꽃 연가,정현웅
바람둥이 쿠루터 일기,김하준
바람의 딸,이원호
바람의 아스란,초몽
바람의 전설,이원호
바람의 칼,이원호
바보 영주 로이,박시원
반역,이원호
밤의 황,이원호
방랑에서 군주까지,먼스타
배트 브래이커,윤준모
백마겁,강태산
백면서생 일대기,서효원
백미혈,몽월
백병쟁투,백범(白帆)
백병쟁투,조건상
백병쟁투1,조건상
백사단,"사마달, 백창렬"
백사전신,강태산
백사전신장,강태산
백야,홍파
백야1,강태산
백야2,강태산
백야3,강태산
백인무문,서효원
뱀파이어 해결사 장권우,원하
버스톤,최신영
버킨,라이먼
범죄자의 일상생활,니가던진야설
법보다 주먹,
법보다 주먹,강산
법보다 주먹 완,조건상
베스트 원,한세
벽력무진1,강태산
벽력무진2,강태산
벽력무진3,강태산
벽력후,강태산
별들의 전쟁,비류수
보수적이라며 팬티는 왜 벗어,미도파
보스,이원호
보스 몹이 너무 강함,민작가
보험왕,형상준
복마구층탑,서효원
복마지존,강태산
복마지존 화,강태산
복수하는 김에 재벌도 되겠습니다,유재무
복싱 가이드,비수
봉마전설 아레스,김하준
부동,소봉
부활의 시간,인기영
부황전설 무적부황,이유성
부황전설 정마대연,이유성
부황전설 질풍강호,이유성
부황전설 초출강호,이유성
부황전설 황룡점정,이유성
북두무맥,
북두무맥,와룡강
북두천왕1,강태산
북두천왕2,강태산
북두천왕3,강태산
불굴,이원호
불굴의 손가락,임누리
불량의원,동윤
불멸의 영웅,강태산
불사,이원호
불사검마,소구장
불안한 정사,강태산
불야성,이원호
불행을 보는 재벌집 손자,유재무
붉은 나비 혈접인 상,사마달
붉은 나비 혈접인 중,사마달
붉은 나비 혈접인 하,사마달
붕성,홍파
브레이슬릿,박재학
블랙 라벨,전남규
블랙 라벨 외,전남규
블러드 투 다크 문,사야
블럭 월드 제국14,로드폴드
블레이즈,윤신현
비가행 연심표,별도
비가행 연심표장,별도
비스트로드,흑왕궁
비정혈,강태산
비제이가 너무 강함,김조선
빈센트Vincent,박재학
빌어먹을 메테오,김하준
빙하기 아포칼립스의 회사원,희나리T
뽑기로 SSS급 군단 육성,이세계사장
사나운 새벽,이수영
사립루레인학원,지미신
사립루레인학원 윤리선생,지미신
사막의 연인,이원호
사신,설봉
사신도,강태산
사신마,서효원
사신마곡,서효원
사신마전,서효원
사신혈로,사마달
사용 금지,사용금지
사이코패스 살인마는 살고 싶다,민작가
사자성,강태산
사자후,설봉
사존,"사마달, 고월"
사중협,"일주향, 사마달"
사채업자,형상준
사형령주,서효원
사황,"사마달, 일주향"
사황마존,와룡강
사황불사령,"사마달, 일주향"
산타,설봉
살검록,홍파
삼국지 이신 창성,원하
삼대,이원호
삼랑소,천중행
삼류자객,몽월
삼인조,박재학
삼절지존,와룡강
삼절지존1,와룡강
삼절지존2,와룡강
삼절지존3,와룡강
삼절지존4,와룡강
삼혈목1,강태산
삼혈목2,강태산
삼혈목3,강태산
상담 클리닉,얼끼
상문령,홍파
새벽의 오트,달다
새비어 매니저,김종휘
색마님 안마하신다,용병애쉬
색황,제갈천
색황귀환,청산
생사금고,몽월
생사대작,사마달
생사번천,사마달
생사신,몽월
생사지존,강태산
생존게임,박천웅
생존게임 사용금지,박천웅
생존자,이원호
샷 오브 데스티니,박성호
섀도우비스트,김재한
서큐버스 리얼돌을 구입했다,스즈나
서큐버스 프로게이머,스즈나
서큐버스 하렘,외도정사
서클 소드마스터,강철민
선검,유재무
선검 완,유재무
선자불래,사마달
성공시대,
성공시대,강동호
성기가 발기되어 천하통일,테서스
성노예 코딩 어플,쉐도우스
성수탕마기,서효원
성형무공 가슴 키워드림,탄마
섹스로 지배한다,용병애쉬
섹스마스터가 되어 다 따먹기,낙필
소,강태산
소공자 가출사건,지미신
소드마스터 플레이어,라마현
소뢰아,강태산
소림삼십칠방,몽월
소림철불,종린
소마무적,강태산
소마전기,강태산
소설 속 악당으로 살아가는 법,강산(江山)
소설 속 악당으로 살아가는 법,백범
소설 속 악당으로 살아가는 법,백범(白帆)
소야전기,사마달
소천무쌍,가람검
속으로,쉐도우스
수라검,윤신현
수라마군,설봉
수라문,강태산
수를 읽는 남자 세상을 바꾸는 컨설턴트,준강
수심,권천
수적왕,권용찬
순혈의 헌터,류화수
숭산,서효원
슈퍼스타 누구도 막을 수 없어,구라천재
스카우트,예로나
스킬 복사로 꿀 빱니다,김현준
스킬스,류화수
스킬스 현대편,류화수
스킬스 현대편,유동우
스킬의 제왕,이형석
스킬콜렉터,킹메이커
스타 러버즈,깃털펜
스토킹마스터Stalking Master,이유성
스톰 블레이드,진현
스페셜 직업2,홍정태
스폰서 재벌 암살사건,정현웅
슬레이어,정우식
시간여행자는 재벌 황제가 된다,
시간여행자는 재벌 황제가 된다,박재학
시간의 마에스트로,류화수
시간의 틈 사라진 검,도진
시검서생,가람검
시스템 오류로 에이스 등극,글상사
식사하고 가세요,인기영
신,강태산
신기무제,홍파
신독보강호,검궁인
신독보강호 삽화판,검궁인
신들의 전쟁,정우식
신들의 전쟁 에필로그,정우식
신룡전설,가람검
신마겁,사마달
신마열,강태산
신무의 전설,강태산
신비대형,내가위
신석기 오펜스 족장이 되었다,
신석기 오펜스 족장이 되었다,강산
신의 알바,윤준모
신의 연기,백락
신의 제국,이원호
신의 조각,송재일
신전을 털어라,형상준
신체가 강화됨,탄마
신출귀몰,강태산
신품무제,제갈천
신풍귀도,사마달
신풍기협,윤신현
신풍낙영,사마달
신필천하,눈매
신흥재벌,박재학
실명 시리즈전 작,서효원
실명대협,서효원
실명마제,서효원
실명천하,서효원
실버문,사이딘
십검애사,설봉
십교종사,천중행
십궁지대,청운하
십대천왕,"사마달, 일주향"
십대천왕,"사마달,일주향"
십대천왕,"일주향, 사마달"
십매어황,청운하
십방천사,"사마달, 상관월"
십왕독보,와룡강
십왕책,천중행
십일 장 절대선 절대악2,사마달
십전 내가 살겠다,우각
십전무판자,검궁인
십전서생,"검궁인, 사마달"
십절무록,"검궁인, 사마달"
십정천하,검궁인
쌍룡몽,사마달
썬더버드,박재학
아 아이돌 그렇게 하는 거 아닌데,김악개
아내와 나의 네토라,총총k
아렌,사이딘
아르디엔 전기,인기영
아마란스,우주(宇宙)
아머드 쓰론,먼스타
아버지가 남긴 USB,외도정사
아빠의 게임,정현우
아웃 오브 프레임,최진호
아이돌 공략법으로 데뷔합니다,당근맛쿠키
아이돌 매니저가 변태 사진사임,탄마
아이리스,박성호
아카식 마스터,무영
아크리안,김민
아티팩트,박재학
아포칼립스에서 살아남기,글라운
아포칼립스의 유일한 플레이어,쓰고또쓰고
악당에서 재벌까지,강산
악당에서 재벌까지,흑곰작가
악마와 계약한 프로게이머,한리
악마의 경쟁회귀 시스템에 들어와 버렸다,테서스
악마의 귀환,김무열
악불기행,강태산
악인무적,권천
악중협,청산
안하무인,강태산
알바트로스,박재학
알피지 시티,킹메이커
알피지 시티RPG CIY,킹메이커
암왕,장경
암왕불패不,이유성
암천명조,설봉
암흑 제국의 패리어드,이수영
암흑제왕,아도인
애검몽,강태산
애검몽 본 오뢰를 잊었나요,강태산
애널리스트,
야구랑 연애를 잘함,
야구랑 연애를 잘함,강산
야구를 못할 수가 없음,
야구를 못할 수가 없음,삼십춘기
야랑,강태산
야망검,강태산
야망검,서효원
야망시대,강태산
야망시대 화,강태산
야망의 눈동자,강산
야망의 눈동자,강산(江山)
야설로 보는 그리스 로마 신화,외도정사
야성의 전설,원하
야수곡,검궁인
야수의 제왕,무영
야월,사마달
야접몽,사마달
야한 규칙으로 다 따먹음,파워레인젖
야한 연극의 S 주인공이 되었다,파워레인젖
야한 회사에서 대박남,파워레인젖
야훼의 날개 아담전쟁편,이혜웅
야훼의 날개 프롤로그,이혜웅
약속,이원호
얀데레에게 찍혔습니다,LOCOLOCO
양과 늑대의 요람,
양과 늑대의 요람,어두운글
양과 늑대의 요람 완,어두운글
양의검법,몽월
어서 와 마왕은 처음이지,하늘곰
어센딩 블레이드,이형석
어쌔신 나이트,홍정태
어웨이큰 분노의 학살자,테서스
어쩌다 근친,미도파
언어의 주인이란,정보석
업어 키운 사매들,앤서
에필로그 못다 쓴 이야기,와룡강
에필로그1,서효원
엘프의 진자,스즈나
여대생 길들이기,O링
여덟 마리의 말이 이끄는 칠향목차였다,"서효원, 이광주"
여명천하黎,사마달
여사친의 스마트폰,용병애쉬
여섯 영혼의 노래 그리고 가수,킹묵
여의서생,"사마달, 일주향"
여의후,사마달
여자들이 집착하는 축구 선수가 되었다,쓰고또쓰고
여친의 언니,탐욕적인창작자
여후배의 최면,탐욕적인창작자
역대급 빌런이 되었다,
역대급 빌런이 되었다,강산
역대급 야구 천재의 탄생,삼십춘기
역대급 포식능력자의 차,이세계사장
역발산,사마달
역적의 꿈,비류수
역적의 꿈 두만강을 넘어1,비류수
역적의 꿈 두만강을 넘어3,비류수
역적의 꿈 두만강을 넘어4,비류수
역적의 꿈 두만강을 넘어5,비류수
역적의 꿈 두만강을 넘어6,비류수
역적의 꿈 발해산업1,비류수
역적의 꿈 발해산업2,비류수
역적의 꿈 발해산업3,비류수
역적의 꿈 발해산업4,비류수
역적의 꿈 발해산업5,비류수
역적의 꿈 발해산업6,비류수
역적의 꿈 발해산업7,비류수
역적의 꿈 밤의 패자1,비류수
역적의 꿈 밤의 패자2,비류수
역적의 꿈 밤의 패자3,비류수
역적의 꿈 배후1,비류수
역적의 꿈 배후2,비류수
역적의 꿈 배후3,비류수
역적의 꿈 배후4,비류수
역적의 꿈 배후5,비류수
역적의 꿈 배후6,비류수
역적의 꿈 특급킬러6,비류수
역적의 꿈 피바람1,비류수
역적의 꿈 피바람2,비류수
역적의 꿈 피바람3,비류수
역적의 꿈 피바람4,비류수
역적의 꿈 피바람5,비류수
역적의 꿈 피바람6,비류수
역적의 꿈 피바람7,비류수
역적조련사 조선을 바꾸다,Lucubro
역전세계의 금태양,나물반찬
역천귀,동윤
역천록,검궁인
연,강태산
연기를 너무 잘함,승윤
연봉조 신입사원,서오
연정무한,와룡강
열정시대,이원호
염왕귀환,강태산
영세일무존,내가위
영세제일인,청운하
영웅부활,인기영
영웅산맥,일주향
영웅은 쉬고 싶다,만선
영웅은 쉬고 싶다타플,만선
영웅은 죽어서 말한다2,서효원
영웅의 도시,이원호
영웅호가행,검궁인
예능의 신,윤준모
오렌다의 제국,권우현
오피스텔,이원호
오후에 시간 좀 비워 둬라,송재일
옥면호리,강태산
옥수무정,서효원
올바른 방패 사용,준준
올바른 방패 사용법,준준
옴팡진 놈,정성민
와룡강 도서전,와룡강
와룡등천,동윤
와룡성수,청산
와이프는 절대고수,앤서
와일드 문,나한
완전기억 소드마스터,타리오
왕도,검궁인
왕의 투구,한세
왕중왕,일주향
외도전설 마법소녀 조교기,외도정사
요마겁,강태산
요절복통,강태산
용검전기,방수윤
용과 파수꾼 달과 숲,마테
용권,송재일
용등사해,강태산
용병불패,청산
용병왕 루크,현자림
용병왕 칼리,박재학
용비봉무,"검궁인, 사마달"
용사 노릇이 지겨워서 마왕군에 들어갔더니 하루하루가 행복해서 인생 절반 손해봤다,FlowerJhin
용사는 조용히 살고 싶다,Curtain Call
용사무적,만선
용신의 후예,김현각
용영검왕,사마달
용영검왕龍,사마달
용왕의 아들이 되었다,비비다
용왕쟁패,사마달
용존,사마달
용천무,사마달
용천풍,일주향
용천향,천중행
용투야,천중행
용혈명,사마달
용황호,김능하
우연히 주운 외계시계로 인생역,박재학
운명이 전설로 이끌다,홍정태
운중월,홍파
웅풍독패존,"검궁인, 사마달"
월드스타가 될 운명입니다,마늘소금
월라 용권,송재일
월야환담 채월야,홍정훈
월영마,강태산
웰컴 투 메모리,북홀릭
위 할건데 불만이세요,중용도
위대한 가문의 망나니가 되다,바나바다
위대한 존재의째 아들은 재벌로 산다,박재학
위드카일러,가람검
위소보,전용
위풍당당 스토리,박시원
유건,춤추는 그림자
유건 완,춤추는 그림자
유라시아의 꿈,이원호
유랑소,사마달
유산 받아 레벨 업,북홀릭
유산 받아 레벨 업 완,북홀릭
유체이탈 망나니,부가티베이론
유희,정우식
육식동물 좀비 레전드 아포칼립스,원하
으 음,송재일
은룡전기,예로나
음 그냥 그렇다는 말일,송재일
음공천하,서호
음양마검사,진현
의,사마달
의,서효원
이 요리사는 계속 회귀합니다,인기영
이노베이션,남수아
이매전사,청산
이번 생도 검뿐이다,벌꿀오소리
이북 대망,강동호
이세계 차는 먼치킨 편집장으로 종횡무진합니다,쉴드태클
이제 검을 묻으리,서효원
이혼 후 재벌 각성,강산(江山)
이혼 후 재벌 각성,백범
익스트림 블랙홀3,정우식
익스트림 프로젝트 제로1,정우식
인간 자체가 강함,박신우
일검혈,서효원
일구이언 이부지자,이문혁
일궁추혼,사마달
일단 고등학생이 이계로 왔습니다만,프로스트
일로무정,내가위
일로제검,유청림
일리언,사이딘
일수탈명흑백조,천중행
일찐 친구엄마와 가족들을 따먹는다,미도파
잃은 것과 얻은 것4,사마달
잃을 게 없는 놈이 너무 세다,윤준모
임모탈,박재학
임파서블 흥신소,홍정태
자객 무,서효원
자객도,검궁인
자본주의가 낳은 괴물 헌터,쌈마이
자본주의가 낳은 괴물 헌터 완,쌈마이
자하검신,
자하검신,초일
작곡가 최현일,투뮤
장왕곤,천중행
재벌 3세 탑 프로듀서 되다,팔월오일
재벌가 막둥이는 만능천재,백범
재벌가 막둥이는 만능천재,백범(白帆)
재벌가 장남은 가치를 본다,유재무
재벌가 차남은 먼치킨,말리브해적
재벌가 첫째아들,하늘곰
재벌생활기록부,백범
재벌생활기록부,백범(白凡)
재벌생활기록부,백범(白帆)
재벌생활기록부,흑곰작가
재벌세는 총수가 되고 싶다,
재벌세는 총수가 되고 싶다,독성
재벌세는 행복하고 싶다,신랑
재벌이 돈을 숨김,절세초인
재벌이 회귀했는데 뭔들 못하겠어,
재벌이 회귀했는데 뭔들 못하겠어,흑곰작가
재벌집 막내 도련님은 악당입니다,
재벌집 막내 도련님은 악당입니다,베이스
재벌집 망나니대독자,앤서
재벌집 외동딸과 하룻밤을 보냈다,희나리T
재벌집 장남은 가치를 본다,유재무
재앙급 사냥개가 돌아왔다,일황
쟁패천하,강태산
쟈이칸,김하준
적룡왕,김형석
적색마,백우영
적혈룡,강태산
전국무조,천중행
전귀야행,강태산
전능의 팔찌,김현석
전사몽,강태산
전생검신,구로수번
전생에 천마였던 드래곤,홍우진
전설 속 검신의 재림,김조선
전설급 영웅은 아카데미 우등생,예로나
전설신검,와룡강
전설이 돼라,조건상
전장의 군주,박시원
전장의 중기병으로 사는 법,글럼프
전직 랭커는 템빨로 레벨 업,갈드
절검도,검궁인
절대검 절정도,"서효원, 이광주"
절대검로,사마달
절대검종,사마달
절대검호,서효원
절대고수,와룡강
절대마조,천중행
절대무가,검궁인
절대무존,사마달
절대무후,서효원
절대선협,앤서
절대쌍웅,군옥당
절대자는 신혼이다,
절대자는 신혼이다,글빌런
절대자류,서효원
절대종사,"검궁인, 사마달"
절망하고 복종하라,베노맨서
절세마중협,서효원
절세제일인,"사마달, 고월"
절정검도,서효원
절정검호,홍파
절정세가,서효원
점창파,형상준
정마협,검궁인
정사일통의 날,서효원
정사제황부,"검궁인, 사마달"
정의구현으로 레벨 업,휴헤
정자부터 레벨 업,범탈
정자왕은 탑 등반이 쉽다,빨간홍차
제 장,사마달
제 장 결전의 날4,사마달
제 장 그들의 미래3,사마달
제 장 끝에서 다시 시작으로3,사마달
제 장 다시 찾은 소림 날아간 독수리5,사마달
제 장 대신 를,사마달
제 장 떠나버린 겨울새4,사마달
제 장 또 다른 전설의 시작4,사마달
제 장 모든 것의 끝2,사마달
제 장 봉 문,사마달
제 장 비검낙마落,서효원
제 장 사 대 일,사마달
제 장 영웅은 돌아오지 않았다,서효원
제 장 위대한 탄생4,사마달
제 장 의,사마달
제 장 의 날이 밝다3,사마달
제 장 의 봄,사마달
제 장 잡반의 품으로,매설헌
제 장 주인 없는,사마달
제 장 중원십지의 영웅들,서효원
제 장 진정한 승리자2,사마달
제 장 피 피 피,사마달
제132장 진남2,설봉
제140장 이오자,설봉
제161장 니,설봉
제25장 신풍,사마달
제25장 오행마기,사마달
제26장 튀어,사마달
제27장 대척살5,사마달
제27장 멈추지 않는 流의 하늘3,사마달
제28장 밤의 열기 속으로1,사마달
제28장 일검혈일검한3,서효원
제28장 죽음 뒤에 남는 것,사마달
제29장 천하대은인2,서효원
제29장 최후의 심판,사마달
제29장 한 명의 신랑과 세 명의 신부2,서효원
제30장,사마달
제30장 결자해지,사마달
제30장 끝난 뒤에 남은 것은 아무것도 없다,사마달
제30장 마야여,서효원
제30장 악인의 말로2,사마달
제30장 흙에 살리다,와룡강
제31장 도검창천후,사마달
제31장 오오 신이시어3,서효원
제31장 의,와룡강
제31장 천하제일인 탄생3,서효원
제31장 최후의 여정,서효원
제31장 풍운지,서효원
제32장 다시 송풍단으로3,사마달
제33장 반전3,천중행
제33장 유성流 네가 이겼다2,서효원
제33장 처절한 종막2,와룡강
제33장 최후의 마전3,서효원
제34장 운명의 장2,서효원
제35장 검 그리고 영웅,서효원
제35장 검을 그대 가슴에2,서효원
제35장 그리고 그들은,서효원
제35장 붕정구만리의 장2,서효원
제35장 숭산이여 말하지 말라,서효원
제35장 영웅은 말이 없고2,서효원
제36장 너 다 가져라1,사마달
제36장 무림에서 가장 강한 자2,서효원
제36장 천애폭풍의 종장,서효원
제36장 천하의 아들,서효원
제37장 십육만마령六,서효원
제37장 아아 창룡별부,와룡강
제37장 은 다시 떠오른다2,사마달
제38장 그리고 검만이 알고 있다,서효원
제38장 모든 것은 끊었다 그러나,"서효원, 이광주"
제40장 의,와룡강
제41장 잃은 것과 얻은 것2,청산
제42장 원흉수악2,설봉
제45장 천하제일검5,설봉
제46장,와룡강
제48장 역사는 바뀌지 않는다2,강태산
제50장 자객의 숙명,청산
제50장 투천세가의 부활,청산
제51장 사필귀정,와룡강
제52장 의,와룡강
제56장 가화불여야화향不,설봉
제58장 하늘을 대신해서3,강태산
제59장 고금 최강의 절3,청산
제59장 최후의 승부3,청산
제60장 새로운 시작,청산
제60장 전설은 지고 사람만 남는다,청산
제60장 천왕의 혼2,서효원
제63장 브야트의 최후,박재학
제72장 유마흔 나와,강태산
제72장 풍운의 종식1,와룡강
제76장 부서진 금패령,서효원
제80장 끝나지 않은 전설2,와룡강
제81장 밝혀진 진실4,청산
제97장 세계여행3,박재학
제국의 꿈,
제국의 꿈,강동호
제로 디멘션,정우식
제삼십사장 성니 한 사람의,천중행
제왕성,서효원
제이천마,와룡강
제장 그리고,사마달
제장 만남,사마달
제장 무너진 죽음의 하늘2,청산
제장 천외천으로2,서효원
제장 최후의 대결2,청산
제천금왕,
제천금왕,강필
조선혁명군주,Lucubro
조폭사,이원호
조화공자,검궁인
졸부 집 망나니,백범
졸부 집 망나니,백범(白凡)
졸부 집 망나니,백범(白帆)
졸부 집 망나니 외,백범(白凡)
좀비로드,정우식
종결 이루지 못한 복수 그리고 추억의 장,청산
종결의 장 아직 끝나지 않은 행보2,청산
종장 되살아난 기억,청산
종장 이별과 충격,청산
종장 화려한 여정旅의 끝2,와룡강
종횡만리,검궁인
종횡무진,"별도, 용대운"
종횡무진,"용대운,별도"
주식의 신,유재무
주식의 신 완,유재무
주인공 먹는 엑스트라,인기영
주인공의 수호기사가 되었다,삼십춘기
주인공이 대물을 숨김,망령Y
죽음으로부터 돌아온 자 카운트리더,지성문
줍고보니 괴담백서,윤원
중력술사 아스께끼맨,테서스
중세에서 상인으로 살아남기,가죽갑옷
중심요요 내 마음 둘 곳 없네,설봉
중원낭인,서효원
중원대천사,사마달
중원무도,서효원
중원무정,서효원
중원영웅사,내가위
중원정벌,청산
지배의 법칙,민서
지상 최고의 축구,김군0619
지상 최고의 축구 완,김군0619
지옥도,몽월
지옥제일검,서효원
지옥천하,홍파
지옥파천황,청산
지존공식,라이먼
지존독보,와룡강
지존등극,사마달
지존무쌍,별도
지존수 대 지존수3,서효원
지크,김하준
진정한 절대자들,천중행
진조무쌍,가람검
진짜 사나이,강산
진짜 사나이,조건상
진천뇌협,동윤
질풍권,별도
질풍마검사,인기영
질풍시대,이원호
질풍의 류,현자림
차 대,정우식
차원기업 고구려,박시원
차원을 넘나들며 재벌 되기,
차원을 넘나들며 재벌 되기,백범
참 마스터,눈매
창궁무영,"사마달, 여래향"
창궁무적검,서효원
창궁비연,서효원
창귀,별도
창병이 돈을 밝힘,
창병이 돈을 밝힘,백범
창병이 돈을 밝힘,백범(白帆)
창업의 신,정현우
창조의 재능,찬동
창조의 정령술사,전현성
창천비도,구세
창천신영,사마달
챔피언,이원호
천,"사마달, 일주향"
천강천하,김하준
천검,박현수
천검록,사마달
천괴,한성수
천궁혈,사마달
천년검혼,서효원
천년대공,김형석
천년대하,강태산
천년마제,서효원
천년마종,검궁인
천년만에 귀환한 대마검사,
천년만에 귀환한 대마검사,자리
천년백첩랑,사마달
천년세가,서효원
천년야망,서효원
천년전쟁,박시원
천도,사마달
천뢰검협,윤신현
천룡파황보,와룡강
천리무애,검궁인
천리무영,사마달
천마 재벌집 아들로 환생,방탄리무진
천마강림,청산
천마겁,천중행
천마대,강태산
천마대전,강태산
천마를 다운로드합니다,이세계사장
천마무,와룡강
천마봉,몽월
천마삼,서효원
천마서생,"사마달, 일주향"
천마성,"검궁인, 사마달"
천마옥,홍파
천마해,사마달
천명,검궁인
천무등룡방,서효원
천무혈하록,"검궁인, 사마달"
천방지축,강태산
천방지축 난리법석1,강태산
천방지축 난리법석2,강태산
천방지축 난리법석3,강태산
천봉종왕기,설봉
천붕기협전,"검궁인, 사마달"
천선문,형상준
천세무림기보,와룡강
천수검왕,사마달
천수검왕 제37장 천수검왕3,사마달
천심기,검궁인
천애광정기,서효원
천애기정록,서효원
천애비검,설봉
천애폭풍기,서효원
천왕무,나한
천왕문,서효원
천외기환전,"검궁인, 사마달"
천외유천,현성
천외천,서효원
천의역근참수기,광무
천인혈무록,검궁인
천재 감독 망배우가 됨,박커터
천재 배우 이름을 얻다,킹묵
천재 작가는 어플로 꿀 빱니다,
천재 작가는 어플로 꿀 빱니다,두루치기
천재가문,청산
천지인왕패천겁,"검궁인, 사마달"
천지쟁패,사마달
천추공자,청산
천풍기협,"사마달, 일주향"
천하군림가,최성균
천하대란,방수윤
천하무식 유아독존,별도
천하무적대총관 천신우,대나무꽃
천혈마도,"사마달, 고월"
천화신전,검궁인
천환정검로,서효원
철가풍운,사마달
철검무정,검궁인
철검무정,서효원
철검무정,장경
철검무정,홍파
철검패도,사마달
철담추혼,사마달
철립,서효원
철면피,강태산
철인검왕,강태산
철정무한,강태산
철중쟁쟁,권용찬
철혈기인,와룡강
철혈기인 미,와룡강
철혈뇌격,강태산
철혈마혼,홍파
철혈세가,"서효원, 이광주"
철혈의 제왕1,정우식
철혈의 제왕2,정우식
철혈의 제왕3,정우식
철혈의 제왕4,정우식
철혈의 제왕5,정우식
철혈의 제왕6,정우식
철화접,"검궁인, 백강"
청룡사,일주향
청성지검,송재일
청운몽,내가위
청춘 대한민국,이원호
체술무적 로이안,김형석
초능력활용법,탄마
초우 도서전,초우
초월인간,정우식
초월자 어빈,인기영
초월자는 분식집을 합니다,제이ST
초인대형,사마달
초인의 전설,이원호
초인전쟁,진현
초혼무,와룡강
초혼무 난세의 서 편,와룡강
초혼무 새로운 신화 편,와룡강
초혼무 전설의 부활 편,와룡강
초혼무 초혼의 사자 편,와룡강
총수 수를 읽는 남자,준강
최강의 타이탄 라이더,
최강의 타이탄 라이더,강산
최종진화소년,지미신
최후의 강자,강태산
최후의 비무3,서효원
추경록,종린
추야우색혼검,사마달
추혈객,설봉
추혼귀사,사마달
출판으로 재벌 되기,강산
출판으로 재벌되기,
취적취무,설봉
층 탈출,을해
치우의 탈,글도깨비
친구 엄마와 친구 먹기,미도파
칠기무제,천중행
칠뢰진천,강태산
칠색무,광무
카드빨로 축구 스타,소구장
카레인,
카레인,강동호
카르세아린,임경배
카리시안,예로나
카사노바 플레이어,신사J
칼텐버그의 영주,서림
코드네임 사신,준강
코리아연방 프로젝트,김영수
코스모스,인기영
코인 게이트를 열었다,용병애쉬
코인 무한 능력으로 BJ 따먹기,용병애쉬
쾌도난마,와룡강
쾌락노예,용병애쉬
쿠베린,이수영
크라스니 눈물이 내리는 숲,남수아
클래스 소드 마스터 검의 구도자,이형석
킬 더 엠페러,트릭스터
킬리만자로의 마법종합학교,지미신
킹 엘리온,한세
타격의 신,말리브 해적
타격의 신,말리브해적
타격의 신 완,말리브 해적
타락 부부,미도파
타락공자,청산
타락의 검은 실,용병애쉬
타워 디펜서 방어중,리벨스톤
타이거맨,정우식
타플독식하는 재벌,서오
탑 부수는 플레이어,
탑 부수는 플레이어,비비다
태산북두,강태산
태양전기,윤신현
태양천자,천중행
태평천하,갈라전
태평천하,갈라전(曷懶甸)
테니스 코트 위의 절대자,김군0619
테러리스트,이원호
투로,별도
투왕,별도
튜토리얼로 EX급,삼십춘기
티끌 모아 대박,흑곰작가
티렌 티로,이윤후
파계,권용찬
파공검제,눈매
파멸욕구의 마조녀는 타락하고 싶다,붉은산푸른꽃
파문제자,한성수
파우,사마달
파천마흔,나한
판듀라스,박성호
판타지섹스타,
판타지섹스타,손글씨
팔왕난,강태산
팔왕예조,천중행
팔조신검,사마달
팔천황,사마달
패군,설봉
패배용사 약골 용사의 에로 대모험,외도정사
패왕독보,와룡강
패왕독보1,와룡강
패왕독보2,와룡강
패왕독보3,와룡강
패왕마검사,인기영
패왕무정,사마달
패왕전설,청산
패황,별도
평화로운 먼치킨 영지,인기영
포영매,설봉
포황룡,아도인
폭주상인,배성만
폭풍무림,청운하
폭풍야,강태산
폭풍의 제황,박시원
폭풍전사,"뇌강, 이광주"
폭풍전야暴 암룡편,선규
폭풍천마,일주향
폼생폼사,강태산
퐁퐁의 역습,테서스
표절도,풍혼
풀백이 축구를 너무 잘함,김군0619
풍,"사마달, 일주향"
풍류자객,청산
풍륜,사마달
풍마조,사마달
풍수영웅전,박영창
풍야혈천록,사마달
풍운기협,예로나
풍운대업,서효원
풍운도도,이유성
풍운아,이원호
풍운영웅,서효원
풍운의 그 끝은,서효원
풍운전설,청산
풍운천하,사마달
풍운협,강태산
풍운협1,강태산
풍운협2,강태산
풍운협3,강태산
풍진만리,검궁인
프로젝트 고구려,정우식
프로페셔널,이원호
프리맨,박재학
플라스틱 먹고 살면 생활비 0원,테서스
플라이 미 투 더 문,이수영
플레이 다이스,선자은
피 끓는 산하,정우식
필살검주,서효원
핑거거너FingerGunner 미래,에스제이(S.J)
하급 서기관의 회귀,킹메이커
하늘에서 내리는 카드,허풍선
하렘으로 세계정복,용병애쉬
하오대문,나한
학사 김필도,한세
학원 폭력물의 회귀 특전자,원하
한월,사마달
할증인간,이원호
항룡유,현성
해왕,사마달
핵무기도 만들어 드릴까요,북홀릭
핵무기도 만들어 드릴까요 외,북홀릭
핵무기도 만들어 드림,북홀릭
핵재벌 개망나니,방탄리무진
핵재벌 개망나니 완,방탄리무진
핵재벌 개망나니2,방탄리무진
핵재벌 개망나니3,방탄리무진
핵재벌이 돈을 숨김,방탄리무진
행운Luck,박재학
허리케인Hurricane,박재학
헌드레드 헤븐,이경영
헌터 공작가 망나니 되다,만금
헌터의 신석기,백범
헌터의 신석기,백범(白凡)
헌터의 신석기,백범(白帆)
헌터의 신석기,빅스마일
헌터의 신석기,조건상
헬조선의 백수들이여 단결하라,테서스
현대 강림 마스터,인기영
현대 귀환 마법사,인기영
현대영웅전,인기영
현자귀환,류화수
현자귀환,알렌
혈금마번,사마달
혈란의 종식 다시 무협으로2,서효원
혈루,검궁인
혈루몽1,강태산
혈루몽2,강태산
혈루몽3,강태산
혈류,검궁인
혈륜공자,검궁인
혈무연,와룡강
혈신,강태산
혈신 본 이젠 정리하자,강태산
혈야,강태산
혈야등,청운하
혈왕파,사마달
혈우성풍,"검궁인, 사마달"
혈접미랑,내가위
혈존무적,김하준
혈천비마,사마달
혈탑,서효원
혈풍천하,권용찬
협기만장,강태산
혜정이의 야한 이야기,파워레인젖
호,강태산
호감 받고 성공 더,인기영
호걸선풍,강태산
호위무사,초우
호협천추,강태산
호화대협,강태산
혼비백산,강태산
화가 아빠 다시 살다,킹묵
화령의 제왕,정우식
화룡 가문의 천재가 돌아왔다,만금
화룡넬,헤이세드
화룡비천록,사마달
화룡의 신화,사마달
화산대도,송재일
화신,강태산
화왕세기,강태산
화왕세기 본 천하는 불탄다,강태산
화이트 크로우,눈매
화형령주,서효원
환골탈태,와룡강
환골탈태1,와룡강
환골탈태2,와룡강
환골탈태3,와룡강
환골탈태4,와룡강
환골탈태5,와룡강
환골탈태6,와룡강
환골탈태7,와룡강
환골탈태8,와룡강
환락도보행,이광주
환락살수,검궁인
환상비도,사마달
환생무적,눈매
환생했더니 정령군주,윤신현
환생혈마,
환생혈마,파인블루
환희밀공,설봉
활의 마법사,마구니
황,천중행
황금백수,나한
황금수,나한
황금신수,나한
황금제국,이원호
황성고검,천중행
황정허무검,황정검
황제의 꿈,이원호
황혼야우,청운하
황혼의 문명,라이먼
황홀한 연애,화연궁
회귀 후 몰빵투자로 재벌 되기,
회귀 후 몰빵투자로 재벌 되기,와이번스
회귀로 나 혼자 독식,쩡킴
회귀한 북부의 전투 사령관,찬동
회귀한 아포칼립스의 폭군,이형석
회귀해서 천재 PD,
회귀해서 천재 PD,조도모
회귀했더니 개쩔더라,쌈마이
회귀했더니 쩔더라,쌈마이
회사에서 자위하면 생기는 일,미도파
효종,
효종,강동호
휘파람,이원호
흑도대종사,서효원
흑도전사,임이모
흑랑전기,사마달
흑마법사 행보관되다,성덕聲德
흑막의 신,조건상
흑백강호,와룡강
흑사월,청운하
흑야,강태산
흑야,이원호
흑야,종린
흑염마도,김현각
흑천룡,사마달
흑첨향,천중행
흑풍령,사마달
흙수저 회귀로 재벌되다,커피와함께
히어로,이원호
히어로 아카데미의 악당놈,기갑공룡
힘 마스터,강철민
六 친구여 그대는 진정한 무림의 태양이다,사마달
